userId,foodId,rating
40.3561390000000000,1,4
40.3561390000000000,9,1
40.3561390000000000,5,1
40.3561390000000000,6,4
40.3561390000000000,4,2
40.3561390000000000,3,3